EmployeeNumber,EmployeeFirstName,EmployeeMiddleName,EmployeeLastName,EmployeeGovernmentID,DateOfBirth,Department
123,Jane,,Zwilling,AB123456G,1/1/1985,HR
124,Carolyn,Andrea,Zimmerman,AB234578H,6/1/1975,Commercial
125,Jane,,Zabokritski,ZH754356K,3/18/1968,Commercial
126,Ken,J,Yukish,WD558025Q,10/21/1969,Commercial
127,Terri,Lee,Yu,JQ892312Y,3/15/1989,Commercial
128,Roberto,,Young,UC783327Q,9/7/1979,Commercial
129,Rob,,Yalovsky,JI262191B,1/28/1987,Customer Relations
130,Gail,A,Wu,TD871372L,10/29/1990,Commercial
131,Jossef,H,Wright,FW646863S,1/23/1976,Customer Relations
132,Dylan,A,Word,MV769948A,11/9/1979,HR
133,Diane,L,Wood,FH031628C,4/12/1991,Litigation
134,Gigi,N,Wilson,NC696844J,4/14/1970,Customer Relations
135,Michael,,Williams,ZJ120267P,6/16/1974,Customer Relations
136,Ovidiu,V,Welcker,HH474620M,12/16/1966,Litigation
137,Thierry,B,Wedge,LV274372Y,4/16/1984,Commercial
138,Janice,M,Watters,NQ532236H,6/1/1987,Litigation
139,Michael,I,Wang,EV194036D,10/12/1989,Customer Relations
140,Sharon,B,Walton,WR700416Z,11/21/1968,Commercial
141,David,M,Walters,HM151938K,4/14/1994,Commercial
142,Kevin,F,Vong,PX526212W,6/5/1970,Commercial
143,John,L,Varkey Chudukatil,VW493640R,6/13/1972,Commercial
144,Mary,A,Vargas,FP654040Y,9/14/1987,HR
145,Wanida,M,Vanderhyde,KB587461Q,7/15/1979,HR
146,Terry,J,Vande Velde,BP205082P,9/28/1973,Commercial
147,Sariya,E,Valdez,VW079842Z,1/27/1987,Customer Relations
148,Mary,E,Valdez,RJ153190Q,4/17/1971,Customer Relations
149,Jill,A,Uddin,ZQ482177W,8/20/1968,Commercial
150,James,R,Turner,YW079025M,11/27/1992,Commercial
151,Peter,J,Tsoflias,PZ122720U,2/28/1984,Litigation
152,Jo,A,Trenary,JR170380T,5/9/1983,Commercial
153,Guy,R,Tomic,FV584985W,4/8/1986,HR
154,Mark,K,Ting,AC170181F,7/1/1987,Litigation
155,Britta,L,Tiedt,DB264723J,6/22/1985,Litigation
156,Margie,W,Tibbott,MC072033J,6/12/1982,HR
157,Rebecca,A,Tejani,RF424619F,8/16/1993,Customer Relations
158,Annik,O,Tamburello,NG347353K,7/4/1974,Litigation
159,Suchitra,O,Sunkammurali,SN073379A,5/3/1966,HR
160,Brandon,G,Sullivan,TD000464J,7/11/1970,Litigation
161,Jose,R,Su,ZX654614M,1/13/1993,HR
162,Chris,O,Steele,SC938243J,2/26/1987,Litigation
163,Kim,B,Stahl,ZW344314N,1/15/1983,HR
164,Ed,R,Stadick,IT238970P,1/15/1971,Customer Relations
165,JoLynn,M,Spoon,ZH732776O,9/25/1977,Litigation
166,Bryan,,Sousa,KK556837N,6/25/1985,Commercial
167,James,D,Song,GX848915Z,3/12/1989,Litigation
168,Nancy,A,Smith,RC508313J,11/17/1980,Customer Relations
169,Simon,D,Smith,WG353186Z,8/17/1967,Litigation
170,Thomas,R,Smith,AV703522Q,7/14/1980,Commercial
171,Eugene,O,Smith,HI011397V,9/23/1992,Litigation
172,Andrew,R,Smith,OT370517J,9/11/1967,Customer Relations
173,Ruth,Ann,Smith,YS034608B,3/24/1972,HR
174,Barry,K,Singh,WV772812H,6/17/1993,HR
175,Sidney,M,Simon,KL798373B,9/18/1967,Customer Relations
176,Jeffrey,L,Shoop,UF860001Z,5/27/1991,Litigation
177,Doris,M,Sheperdigian,SC032077M,7/7/1979,HR
178,Diane,R,Sharma,JD875532R,11/22/1965,Commercial
179,Bonnie,N,Shabalin,LY884517N,12/29/1990,Customer Relations
180,Taylor,R,Selikoff,TJ544371Y,2/20/1985,Commercial
181,Denise,H,Seamans,HW897837G,8/13/1992,HR
182,Frank,T,Scardelis,MR350084K,10/16/1972,Commercial
183,Kendall,C,Saraiva,AF780265X,10/22/1987,Litigation
184,Bob,N,Sandberg,QQ290879P,11/30/1983,Customer Relations
185,Pete,C,Sánchez,AJ404622O,8/2/1974,HR
186,Diane,H,Samarawickrama,VL371839Q,6/3/1969,HR
187,John,T,Samant,DJ398332P,2/8/1971,Litigation
188,Maciej,W,Sam,UK378699O,8/7/1979,HR
189,Michael,J,Salmre,MG899755I,7/16/1978,Litigation
190,Randy,T,Salavaria,KS779659U,9/26/1977,Litigation
191,Karan,R,Sacksteder,SV252081Y,10/18/1981,Litigation
192,Jay,G,Ruth,SC708648L,8/4/1987,Commercial
193,Charles,B,Rounthwaite,JQ208527F,5/29/1984,Commercial
194,Steve,F,Rothkugel,VB525647X,10/10/1977,Commercial
195,David,J,Rodman,TE940129G,3/26/1987,Commercial
196,Michael,Sean,Rodgers,ZK159405E,2/3/1974,Litigation
197,Steven,T,Rockne,FH843808D,11/7/1973,HR
198,Carole,M,Robinson,QM100027W,1/7/1966,Customer Relations
199,Bjorn,M,Robinson,ME717904X,4/26/1994,Commercial
200,Michiko,F,Robinett,AK180864B,5/2/1990,Customer Relations
201,Carol,M,Roberts,ZR773591D,10/24/1993,Customer Relations
202,Merav,A,Rizzi,QS568147X,5/13/1966,Customer Relations
203,Reuben,H,Richter,PQ244411Q,2/4/1985,HR
204,Eric,L,Richmeier,VM427459X,12/18/1965,Customer Relations
205,Sandeep,P,Richins,BW179800A,2/13/1979,HR
206,Mihail,U,Richins,ID283728D,3/25/1972,HR
207,Jack,T,Richards,SK118624Y,10/28/1979,Customer Relations
208,Patrick,M,Richards,AT370518X,11/28/1993,Customer Relations
209,Frank,R,Rhodes,IJ541689T,9/4/1967,Customer Relations
210,Brian,Richard,Rhodes,CM413125I,4/12/1982,HR
211,Ryan,L,Reynolds,EL474266U,5/6/1989,Customer Relations
212,Cristian,K,Rettig,NE780947D,8/20/1977,Litigation
213,Betsy,A,Remmington,LA512240K,10/28/1969,Customer Relations
214,Patrick,C,Remick,ZM017124S,1/25/1977,Litigation
215,Danielle,C,Reiter,FX688235A,1/10/1985,Customer Relations
216,Kimberly,B,Reeves,SY546322A,11/15/1989,HR
217,Tom,M,Reeves,SB668935O,6/7/1971,Customer Relations
218,Kok-Ho,T,Reed,UV959968V,8/27/1991,HR
219,Russell,,Reed,PX252864I,8/8/1975,HR
220,Jim,H,Reding,WM228238K,2/23/1968,Litigation
221,Elizabeth,I,Rector,EE822146U,8/6/1984,HR
222,Mandar,H,Reátegui Alayo,NP648821X,8/5/1980,Litigation
223,Sameer,A,Reams,HD091835N,11/12/1985,Customer Relations
224,Nuan,,Ray,FO458761X,3/20/1974,HR
225,Lolan,B,Ray,OQ991135M,10/6/1984,Commercial
226,Houman,N,Rapier,HW137870E,7/27/1982,Commercial
227,Zheng,W,Rapier,WC253737T,10/16/1967,Commercial
228,Ebru,N,Rao,JS467862B,10/2/1973,Customer Relations
229,Mary,R,Rao,JI576350K,10/18/1970,Customer Relations
230,Kevin,M,Randall,SW504468B,5/21/1983,Commercial
231,John,T,Randall,WZ100773X,8/7/1987,HR
232,Christopher,E,Randall,FZ583576T,4/19/1971,HR
233,Jinghao,K,Ramos,II175572Y,12/4/1970,Customer Relations
234,Alice,O,Ralls,FB724388F,4/9/1991,Litigation
235,Jun,T,Ralls,UN588896M,10/9/1992,Customer Relations
236,Suroor,R,Raheem,AT895315A,5/26/1991,HR
237,John,P,Quintana,JU217541N,7/24/1978,Litigation
238,Linda,K,Quintana,GD757850A,4/11/1977,Customer Relations
239,Mindaugas,J,Purcell,DB603169B,11/27/1978,Commercial
240,Angela,W,Pugh,MP237351R,12/8/1965,HR
241,Michael,W,Price,OP560698V,8/5/1967,Customer Relations
242,Chad,W,Preston,NE089604G,7/22/1969,HR
243,Don,L,Preston,SS782410O,2/17/1978,Commercial
244,Michael,T,Pournasseh,NG696897P,9/23/1979,HR
245,Kitti,H,Potts,LV816868R,3/24/1971,HR
246,Pilar,G,Posner,KP339355I,6/19/1969,HR
247,Susan,W,Porter,UT662189A,6/14/1990,Litigation
248,Vamsi,N,Porter,TU682671F,7/7/1967,HR
249,Kim,T,Poorbaugh,PF459314P,10/9/1993,Customer Relations
250,Matthias,T,Pompa,NS205589K,9/14/1970,HR
251,Jimmy,T,Pollock,PP763724U,8/18/1975,HR
252,David,P,Poland,WY543277J,8/28/1991,Customer Relations
253,Paul,B,Poland,EQ424386K,4/28/1974,Commercial
254,Gary,W,Pogulsky,WN219017A,5/17/1967,Litigation
255,Rob,T,Poe,QL145587J,2/6/1987,Commercial
256,Baris,F,Poe,QT047182B,2/24/1968,Commercial
257,Nicole,B,Pinto,WW984428G,10/22/1977,Litigation
258,Michael,L,Pinkston,BB508394U,4/27/1983,Customer Relations
259,Eric,,Philips,ZC311789T,12/14/1986,Commercial
260,Ivo,William,Philips,AS703397O,1/9/1969,Litigation
261,Sylvester,A,Pettengill,MT602562J,11/15/1974,HR
262,Anibal,T,Peterson,OO526677C,9/29/1975,HR
263,Samantha,H,Peters,BG538208R,9/30/1990,Litigation
264,Hung-Fu,T,Petculescu,VS674107C,12/2/1991,Litigation
265,Prasanna,E,Perko,OV144863J,11/29/1974,Customer Relations
266,Min,G,Perera,ZY128122W,7/17/1972,Litigation
267,Olinda,C,Peoples,XA914214Y,12/21/1987,Customer Relations
268,Krishna,,Peoples,LL975985P,3/18/1985,Customer Relations
269,Paul,R,Penuchot,MR891065R,5/28/1970,Litigation
270,Cynthia,S,Penuchot,TD815331N,6/5/1994,Customer Relations
271,Jian Shuo,,Penor,YI281362L,4/24/1994,Litigation
272,Sandra,,Pellow,BM253957B,3/31/1981,Litigation
273,Jason,M,Pellow,MG695814I,8/31/1993,Customer Relations
274,Andy,M,Pederson,EU426111K,7/13/1982,Commercial
275,Michael,T,Patten,KX120449Y,3/20/1985,Customer Relations
276,Rostislav,E,Patten,QN746032L,7/18/1992,Customer Relations
277,Yuhong,L,Pather,MR688907I,7/1/1983,Customer Relations
278,Hanying,P,Patel,IF707725P,8/14/1974,HR
279,Raymond,K,Patel,NS677519X,2/3/1984,HR
280,Fadi,K,Park,PF455778E,2/16/1966,HR
281,Lane,M,Pak,YS915053U,5/3/1992,Commercial
282,Linda,A,Pai,KQ300913G,4/29/1978,Litigation
283,Shelley,N,Oviatt,VO065951F,4/17/1981,Commercial
284,Terrence,W,Oveson,BS234840K,3/9/1969,HR
285,Jeff,V,Osorio,FP120961Z,1/11/1984,HR
286,Kirk,J,Osborn,KE038057S,9/30/1976,Customer Relations
287,Laura,C,Osada,GQ733828E,11/14/1972,HR
288,Alex,M,Osada,XX451468W,1/21/1967,HR
289,Andrew,M,Ortiz,TK856307N,2/28/1981,Commercial
290,Chris,T,Ortiz,DB592501Z,4/16/1988,HR
291,Jack,S,Ortiz,NU785291C,1/25/1967,Customer Relations
292,David,N,Ortiz,RE166959S,5/16/1986,Commercial
293,Garrett,R,Orona,JV030850C,7/29/1983,Commercial
294,Susan,A,Orman,PP613247N,9/14/1992,HR
295,George,Z,Olivotto,AP580560Q,1/18/1977,HR
296,David,A,Olguin,TA242529J,10/11/1969,Litigation
297,Marc,J,Okelberry,VD984252O,5/7/1969,Customer Relations
298,Eugene,R,O'Hara,HI114809D,2/25/1991,Litigation
299,Benjamin,R,Ogisu,VW773987B,4/9/1969,HR
300,Reed,T,O'Dell,XC950840D,1/28/1970,Customer Relations
301,David,Oliver,O'Connell,UB616366K,3/25/1979,Litigation
302,Russell,M,O'Brien,QC846389Q,12/15/1977,Litigation
303,John,N,Nusbaum,GR394124E,10/26/1982,HR
304,Jan,S,Northup,DT657623N,5/5/1967,Customer Relations
305,Katie,L,Northup,GT685711I,5/3/1966,Litigation
306,Michael,T,Norred,XH714829H,4/30/1989,Customer Relations
307,Nitin,S,Norman,OY855081R,9/25/1970,Litigation
308,Barbara,S,Norman,XC587234T,12/20/1985,HR
309,John,Y,Nixon,ET926877O,7/23/1978,HR
310,Stefen,A,Niswonger,ED349687O,12/2/1976,Litigation
311,Shane,S,Nilson,NO821044L,4/14/1979,Litigation
312,Yvonne,S,Newman,TI955014Q,7/27/1987,HR
313,Douglas,B,Netz,WW788566E,1/1/1993,Customer Relations
314,Janeth,M,Netz,UV228927P,7/10/1988,Commercial
315,Robert,J,Nelson,PR283773O,6/20/1978,Litigation
316,Lionel,C,Nelsen,JO063890A,7/14/1987,Commercial
317,Brenda,M,Nayberg,PK101754U,11/5/1984,Commercial
318,Alejandro,E,Nayberg,AM508033D,3/14/1981,Commercial
319,Fred,T,Nay,KA768755B,4/27/1991,Commercial
320,Kevin,H,Nay,FC821976B,3/16/1982,HR
321,Shammi,G,Nash,BM121976C,2/26/1989,Customer Relations
322,Rajesh,M,Nartker,XV355138J,12/14/1980,HR
323,Lorraine,O,Naik,ZU769798I,11/9/1967,Litigation
324,Paula,R,Myer,CZ030042V,3/7/1987,Litigation
325,Frank,T,Myer,PA020312T,9/24/1987,Litigation
326,Brian,T,Myer,JZ983780P,11/1/1972,Customer Relations
327,Tawana,G,Murray,UL863638F,2/14/1975,Commercial
328,Ken,L,Munson,PP511671M,11/18/1992,Litigation
329,Gabe,B,Munson,BP593023R,8/6/1977,Commercial
330,Lori,A,Mungin,CY681414D,9/9/1983,Commercial
331,Stuart,V,Mughal,TC578032G,1/30/1988,Customer Relations
332,Greg,F,Mu,AI341069Y,5/21/1983,Customer Relations
333,Scott,R,Mu,FN392873D,8/6/1975,Litigation
334,Kathie,E,Moya,ME770653H,1/11/1990,Customer Relations
335,Belinda,M,Moseley,EH942239E,2/3/1985,HR
336,Hazem,E,Moschell,XU450759F,7/5/1976,Commercial
337,Peng,J,Morris,PW355670Z,3/23/1994,Customer Relations
338,Sootha,T,Moreland,DA316326C,3/3/1972,HR
339,Andreas,T,Moreland,AJ114914K,8/30/1969,Customer Relations
340,Mark,L,Moore,CP224435U,5/6/1987,Litigation
341,Sean,P,Montera,AL180890W,8/23/1976,HR
342,Zainal,T,Monroe,FQ610329T,12/25/1987,Commercial
343,Tengiz,N,Monitor,IG689786T,10/21/1972,Litigation
344,Sean,N,Mohan,HV205377I,4/15/1981,HR
345,Karen,R,Mohan,PT720952M,12/10/1988,Litigation
346,Chris,K,Mohamed,YD842571W,10/5/1972,Commercial
347,A. Scott,,Mohamed,FX399446V,6/17/1987,Customer Relations
348,Sairaj,L,Moeller,NP155954X,12/5/1966,Customer Relations
349,William,S,Moberly,JD011212P,1/21/1994,Litigation
350,Alan,J,Mitzner,JJ748099G,2/25/1978,Customer Relations
351,Brian,P,Mitosinka,OO378926Y,6/19/1978,Litigation
352,Gary,E.,Mitchell,OO982270P,10/22/1971,Commercial
353,Christian,E,Mitchell,UC784940N,3/16/1994,Litigation
354,Lori,K,Mitchell,XW336724F,8/9/1967,Litigation
355,Stuart,J,Mitchell,KB989024C,5/8/1973,Commercial
356,Jo,L,Mirchandani,AP590731R,12/17/1983,Customer Relations
357,Pat,H,Miller,GA042980N,4/20/1978,HR
358,Magnus,E,Miller,FS015161G,1/16/1970,Litigation
359,Laura,F,Miller,GO170829R,10/11/1991,Litigation
360,Paula,M,Miller,JY975381A,3/7/1994,Commercial
361,Grant,N,Miller,ZP688271R,9/26/1976,HR
362,Hao,O,Miller,ES324155X,2/8/1985,Commercial
363,Vidur,X,Miller,GM990785A,11/5/1993,HR
364,Mindy,C,Miller,RA946421A,6/2/1975,Commercial
365,Willis,T,Miller,RE668941S,11/9/1970,Customer Relations
366,David,J,Miksovsky,GP305301L,1/12/1967,Commercial
367,Deborah,E,Miksovsky,IH961888Q,6/17/1983,Customer Relations
368,Candy,L,Michaels,XB212005T,9/21/1988,HR
369,Bryan,A,Michaels,OE672738B,3/3/1991,Commercial
370,Barbara,C,Meyyappan,PU115105M,6/28/1972,HR
371,Dragan,K,Meyyappan,SN175562O,12/7/1975,Commercial
372,Janet,L,Meyerhoff,NI367308E,10/22/1971,Commercial
373,Mike,K,Meyer,II115222L,9/27/1986,Customer Relations
374,Wendy,Beth,Meyer,LT367570V,1/11/1972,HR
375,Sheela,H,Meyer,XN775899B,4/14/1977,HR
376,Mikael,Q,Mew,LI884968P,3/29/1984,HR
377,Arvind,B,Metters,SV676135X,12/8/1970,Customer Relations
378,Linda,P,Metters,IA715835L,6/26/1970,HR
379,Fukiko,J,Meston,WV431133E,10/29/1990,Customer Relations
380,Gordon,L,Mensa-Annan,ZA426582Z,12/19/1977,HR
381,Frank,S,Mendoza,PB211386H,10/1/1989,Commercial
382,Eric,S,Mendiola,QX365413G,12/29/1979,HR
383,Erin,M,Mello,UC786918W,12/22/1974,HR
384,Ben,T,Meisner,UN244418R,9/14/1975,Customer Relations
385,Annette,L,Medina,RE246482H,5/6/1974,Customer Relations
386,Reinout,N,McPhearson,OI283397X,6/25/1973,Customer Relations
387,David,M,McLin,PR373099Z,4/24/1967,HR
388,Jean,E,McKay,DW697622O,8/6/1989,HR
389,Stephanie,A,McKay,WU759981C,5/29/1970,Customer Relations
390,Ashvini,R,McGuigan,BM986903Z,10/29/1972,HR
391,Peter,I,McGuel,GE799852J,8/26/1966,Commercial
392,Karen,A,McGuel,ED660786V,11/18/1981,Customer Relations
393,Ramesh,V,McDonald,AR979984U,1/25/1979,Commercial
394,Dan,K,McCoy,AV475500D,6/16/1967,Litigation
395,François,P,McCormick,SA381041I,10/18/1967,Litigation
396,Dan,B,McClane,WT979691R,10/20/1979,HR
397,Janaina,Barreiro Gambaro,McCarty,LG371386Y,10/9/1986,Litigation
398,Brian,S,McCarthy,SN434511F,3/28/1977,Customer Relations
399,Stephen,Y,McAskill-White,ZK303888R,7/26/1974,HR
400,Michael,G,McAskill-White,PE970713I,8/10/1971,Commercial
401,Linda,C,McArthur,VI404204E,7/28/1968,Customer Relations
402,Jillian,,Mcanich,SM924864E,4/28/1975,Litigation
403,Garrett,R,Mays,WM073896L,4/9/1972,HR
404,Tsvi,Michael,Maynard,JP667421Y,7/12/1967,Customer Relations
405,Pamela,O,Maxwell,CQ976143C,3/27/1988,Commercial
406,Shu,K,Maxwell,HD056582Z,12/18/1985,HR
407,José,Edvaldo,Maxham,WH294232K,4/9/1976,Litigation
408,David,R,Matthews,DM381845R,4/5/1987,Litigation
409,Tete,A,Matthew,KA797634Q,1/10/1972,HR
410,Syed,E,Masters,IS491457T,8/25/1992,Litigation
411,Lynn,N,Masters,AH188088C,6/15/1985,Litigation
412,Amy,E,Martinez,TJ871008M,4/21/1966,HR
413,Rachel,B,Martinez,NL920008M,1/3/1980,Customer Relations
414,Jae,B,Martin,FF894171C,3/9/1967,Customer Relations
415,Ranjit,R,Martin,MS024359Q,3/6/1993,HR
416,Gustavo,,Martin,FG014953X,12/8/1971,Litigation
417,Catherine,R.,Martin,OL384038Q,2/16/1991,HR
418,Kim,,Martin,ZF592966U,12/24/1988,Customer Relations
419,Humberto,,Mart¡nez,ZJ266475N,7/19/1989,Commercial
420,Pilar,,Marshall,JW354062J,11/30/1984,Commercial
421,Frances,B.,Marple,DY298088L,11/23/1993,HR
422,Margaret,J.,Markwood,BD136773H,6/8/1971,Litigation
423,Carla,J.,Margheim,SG923513B,12/11/1974,Customer Relations
424,Jay,,Mares,XG083674H,10/12/1990,Commercial
425,Ronald,L.,Marcovecchio,MW520141Z,11/5/1991,Litigation
426,Samuel,N.,Manzanares,ZQ187923B,1/26/1971,Litigation
427,James,T.,Manek,OH957421A,11/9/1977,HR
428,Robert,E.,Manchepalli,LD782458K,12/15/1987,Customer Relations
429,François,,Malmendier,VR643311B,3/3/1975,Customer Relations
430,Kim,,Male,YX524227A,3/15/1983,HR
431,Lili,J.,Magenheimer,CI290918Y,5/5/1973,HR
432,Amy,E.,Macrae,AF197704M,2/6/1970,HR
433,Anna,A.,MacDonald,TJ780251G,9/21/1990,Commercial
434,Milton,J.,Maccietto,UQ082998T,11/2/1976,HR
435,Paul,L.,Lysaker,LV561825W,8/6/1990,Litigation
436,Gregory,F.,Lyon,RM640789W,7/19/1968,HR
437,J. Phillip,L.,Lynn,IS403398M,3/15/1969,Commercial
438,Michelle,,Lyeba,QH349000A,6/23/1968,Commercial
439,Sean,P.,Luthra,KY721029M,7/13/1993,Customer Relations
440,Phyllis,A.,Lutes,FT105141Z,3/6/1989,HR
441,Marvin,N.,Lunt,LH990675Z,1/30/1991,Customer Relations
442,Michael,,Lundahl,KG209882G,2/5/1994,Commercial
443,Cecil,J.,Lum,PP056438A,4/24/1991,Litigation
444,Oscar,L.,Lugo,AR162086G,3/5/1967,Litigation
445,Sandra,J.,Lugo,ZN040930F,4/17/1972,Customer Relations
446,Selena,R.,Lucerne,KF856657H,9/28/1973,Customer Relations
447,Emilio,R.,Low,WM016242A,8/19/1987,Commercial
448,Maxwell,J.,Los,OS012701K,3/1/1974,HR
449,Mae,N.,Looney,XA960967P,6/17/1976,Litigation
450,Ramona,J.,Long,CC227743D,8/16/1979,Customer Relations
451,Sabria,B.,Loh,OK218503M,7/11/1988,Commercial
452,Hannah,R.,Loh,YD891398W,11/7/1965,Commercial
453,Kyley,J.,Logan,HA093476Y,11/2/1985,Customer Relations
454,Tom,H,Lloyd,MV802367W,6/28/1993,HR
455,Thomas,B.,Liu,QE587329G,10/22/1971,Customer Relations
456,John,,Liu,EP587473H,10/6/1991,HR
457,Chris,,Liu,MB425560F,2/8/1971,Customer Relations
458,Teresa,,Liu,YG000522K,3/23/1979,Customer Relations
459,John,P.,Liu,ST205212T,7/20/1978,Litigation
460,Robert,A.,Liu,WS087639Z,1/6/1967,Litigation
461,Stephen,M.,Liu,DS473237E,8/24/1970,HR
462,Phillip,M.,Lisboa,CY154073Y,1/31/1994,Customer Relations
463,Daniel,,Lique,CP489618E,9/29/1993,HR
464,Cory,K.,Li,UT417899L,1/29/1968,HR
465,James,B.,Li,PC802851P,4/30/1990,Customer Relations
466,Douglas,A.,Li,FH202248U,9/9/1987,Customer Relations
467,Jennifer,B.,Li,FW212322N,2/24/1969,HR
468,Alberto,F.,Li,CW329815D,7/29/1992,Commercial
469,Wayne,N.,Li,EK770246C,5/14/1991,HR
470,Darrell,M.,Lewin,SA162171S,7/16/1993,Customer Relations
471,Angela,,Lew,TM470989A,3/27/1974,Commercial
472,David,,Levy,PV231891O,9/21/1980,Customer Relations
473,Robert,L.,Leste,PD072843C,3/12/1982,Litigation
474,Rebecca,R.,Lesko,HY500600Z,1/6/1970,Litigation
475,Brenda,L.,Lertpiriyasuwat,WZ232496R,5/30/1974,Customer Relations
476,Josh,,Lepro,LM967583J,8/8/1978,Litigation
477,Adam,,Leonetti,FY599007E,4/16/1983,Litigation
478,Norma,N.,Lengel,JF686000A,10/27/1985,Litigation
479,Gytis,M,Lenehan,ZR254332L,11/3/1987,Litigation
480,David,M.,Lee,AP399927K,2/9/1970,HR
481,Karel,E.,Lee,DP347985W,4/30/1973,Litigation
482,Ciro,J.,Lee,WL456697H,7/21/1972,Litigation
483,Glenna,L.,Lee,VE310616L,12/13/1984,HR
484,Shaun,,Lee,IO108870J,2/27/1967,Commercial
485,John,A.,Lee,CE428179W,3/2/1977,Commercial
486,Christopher,R.,Leavitt,VN108245X,6/2/1971,HR
487,Bradley,,Lawrence,PG413306Y,3/21/1986,HR
488,Benjamin,J.,Lawrence,AF738638G,2/6/1987,Litigation
489,Ann,,Laursen,TI492858Z,7/12/1974,Customer Relations
490,Shane,J.,Laszlo,UO985733N,4/27/1992,Litigation
491,Stanley,A.,Laszlo,VU222236T,4/5/1967,HR
492,Mason,,Lang,SF760568K,2/3/1986,Litigation
493,John,M.,LaMee,KR885215R,11/21/1993,Litigation
494,Ido,,Kurtz,CM031045L,6/14/1971,Commercial
495,Edna,J.,Kurniawan,NQ351303V,5/24/1975,Litigation
496,Payton,P.,Kurjan,YD404294U,2/14/1970,Litigation
497,Max,,Kuppa,DB121340R,7/24/1984,HR
498,Scot,A.,Kuppa,QX260675P,7/7/1979,Customer Relations
499,Richard,M.,Kung,MK561777E,2/16/1970,Litigation
500,Marian,M.,Kumar,XL180777V,7/26/1992,Commercial
501,Karen,,Krupka,TN694047L,4/27/1976,Customer Relations
502,Alexander,J.,Krow,OR774111L,6/7/1992,Litigation
503,John,M.,Krebs,JU450904C,10/31/1965,Litigation
504,Kris,R.,Krapauskas,TX517653J,10/24/1984,Customer Relations
505,Andreas,,Krane,ST517919L,10/21/1970,Commercial
506,Robert,M.,Krane,XQ439042D,12/18/1965,Customer Relations
507,Matthias,,Krane,SL076816I,10/2/1967,Commercial
508,John,,Kramer,UD124921E,8/1/1991,Litigation
509,Steven,B.,Kramer,AT730769R,4/17/1992,Customer Relations
510,Chris,N.,Kozlowski,UV825267C,6/24/1989,Litigation
511,Mary,B.,Kotc,AU411496B,2/13/1976,Customer Relations
512,Jimmy,,Koski,FP922758A,8/21/1972,HR
513,Mary,,Konersmann,PG614739J,1/29/1987,Customer Relations
514,Mae,M.,Komosinski,RW558277R,4/26/1981,Customer Relations
515,Jackie,E.,Kogan,OR798390T,1/4/1981,Litigation
516,Donald,L.,Kogan,AU862405M,9/25/1983,HR
517,Linda,E.,Koenigsbauer,GC686104F,3/5/1970,Litigation
518,Michael,Greg,Koch,WF866181Y,8/9/1967,Customer Relations
519,Gabriel,L.,Koch,FD485252N,2/26/1984,Commercial
520,Michael,L.,Kobylinski,JM743716Q,9/20/1982,Commercial
521,Corinna,,Kleinerman,MQ717180C,7/17/1991,Litigation
522,Luis,,Kleinerman,EO750052R,7/11/1990,HR
523,Randall,,Kitt,RC654458U,4/6/1968,HR
524,Stephanie,,Kirilov,ZC831483I,7/1/1986,HR
525,Eli,,King,BX619227N,1/15/1990,Customer Relations
526,Lester,J.,King,TB824121N,5/26/1970,Litigation
527,David,M.,King,CI155066Y,6/12/1967,Litigation
528,Cornelius,L.,Kim,JS314803K,9/19/1968,HR
529,Richard,,Kim,KW392792R,4/7/1982,HR
530,Sara,N.,Kim,MV496779B,4/7/1985,Customer Relations
531,Ted,,Kim,CS822640H,7/30/1975,Litigation
532,Alan,,Kim,CU844590H,2/13/1990,HR
533,Walter,J.,Kharatishvili,JB973424W,7/3/1991,Customer Relations
534,Christopher,M.,Khanna,CX532470Z,11/1/1979,Commercial
535,Carol,J.,Khanna,XS089263W,3/4/1972,Litigation
536,David,J.,Khan,YL262545H,3/8/1994,Customer Relations
537,John,R.,Khan,JY263902B,6/18/1976,HR
538,Willie,P.,Keyser,CW756892H,7/21/1971,Litigation
539,Carolee,J.,Keyser,VU745132Y,4/20/1967,HR
540,Jo,,Kesterson,DX868272N,12/24/1968,HR
541,Robert,,Kesslep,HT652943N,1/28/1976,Commercial
542,Kevin,F.,Kennedy,FX111724M,8/9/1978,Litigation
543,Mary,K.,Kennedy,HR446644G,6/4/1970,Commercial
544,Dave,P.,Kennedy,GF524774U,9/6/1990,Commercial
545,Bridget,E.,Kelly,HE766485V,10/11/1989,Litigation
546,Eric,J.,Kelly,MC498461A,5/30/1976,HR
547,Dick,R.,Kelley,LR856013S,3/12/1989,HR
548,Michael,,Keil,LL048381K,4/18/1980,Customer Relations
549,Shirley,R.,Keil,KH203028L,1/23/1968,Commercial
550,June,B.,Kearney,OX312304G,3/21/1992,Customer Relations
551,Dirk,J.,Kearney,PD892211R,2/9/1976,Commercial
552,Nancy,,Katyal,JA332521O,1/12/1977,Customer Relations
553,Janaina Barreiro Gambaro,,Kane,HK548629D,9/9/1967,Commercial
554,Edward,T.,Kane,SG121642P,8/21/1986,HR
555,Megan,E.,Kane,JC056740D,6/3/1994,Customer Relations
556,Ingrid,K.,Kane,DB907946O,10/8/1968,HR
557,Karren,K.,Kaliyath,RT691785T,10/18/1973,Customer Relations
558,Ovidiu,,Kaliyath,OW177987O,1/9/1993,HR
559,Dana,H.,Kahn,NH612745W,3/6/1975,HR
560,Timothy,B.,Kahn,GV086741P,10/15/1991,HR
561,Stephen,R.,Kaffer,EN877055O,2/8/1983,Customer Relations
562,Deanna,R.,Justice,CC134966P,5/20/1993,Commercial
563,Jared,L.,Jordan,CW718180T,6/23/1992,Litigation
564,Richard,A.,Jones,XP590279R,10/20/1993,Customer Relations
565,David,J.,Jones,KW312906L,5/7/1977,Customer Relations
566,Ryan,,Johnston,AD477712N,10/26/1992,HR
567,Sylvia,A.,Johnston,YU694470C,4/24/1992,HR
568,Mari,B.,Johnson,CZ280629J,11/18/1992,Commercial
569,Barbara,J.,Johnson,TA637482S,1/3/1967,Commercial
570,Lindsey,R.,Johnson,CY485778M,3/6/1979,Litigation
571,Gustavo,,Johnson,QV869007I,5/12/1967,Customer Relations
572,DeeDee,J.,Johnson,TK089138G,4/10/1967,HR
573,Deborah,M.,Johnson,VT863339B,8/21/1990,Litigation
574,Joan,M.,Johnson,VI152318I,7/13/1977,HR
575,David,,Johnson,KS688247D,10/25/1988,Litigation
576,Henry,L.,Johnson,EU954674R,10/20/1989,HR
577,Chris,,Johnson,KI716204R,3/13/1994,Commercial
578,Joseph,J.,Johns,XE364479Z,3/30/1988,HR
579,Suzana De Abreu,A.,Jiang,NF042727O,5/25/1982,HR
580,Jun,,Jiang,MC159254T,2/4/1968,Litigation
581,Johnny,A.,Jiang,GY468611Y,3/8/1985,Litigation
582,Richard,,Jarvis,GL911865O,11/11/1988,Commercial
583,Carlton,M.,Jamison,HG635165L,10/6/1975,Litigation
584,Ty Loren,,Jaffe,CG709681R,3/11/1988,Litigation
585,Jane,N.,Jacobson,PT742579R,7/4/1982,Litigation
586,Jovita,A.,Jacobson,PN082327T,2/7/1980,Customer Relations
587,Steve,J.,Jacobsen,JY785974R,6/26/1991,Litigation
588,Fernando,,Jacobs,DA953477N,2/3/1988,Litigation
589,Rob,,Iyer,SW352387J,4/5/1982,Litigation
590,Andy,,Ito,KG688569Q,5/21/1980,HR
591,Donna,F.,Ison,KV690229J,6/19/1984,HR
592,Rosmarie,J.,Ismert,FL844620P,7/25/1991,HR
593,Matthew,,Irwin,HF644516O,4/29/1977,Litigation
594,Joseph,N.,Ingle,ME685874O,3/2/1973,Litigation
595,Pamela,A.,Inghram,FK146370D,8/12/1979,Litigation
596,Raul,E.,Ihrig,MU393545H,10/21/1968,Customer Relations
597,Elizabeth,E.,Iallo,NW458318Y,11/7/1967,Litigation
598,Matthew,J.,Hurkett,AW586277I,11/20/1992,Commercial
599,Brigid,F.,Huntsman,NM381332V,2/3/1971,Customer Relations
600,Andrew,,Hunter,QH799082M,6/10/1975,HR
601,Stacey,M.,Hunter,UQ384389V,8/16/1981,Litigation
602,Baris,,Huff,HC350542P,6/20/1969,Commercial
603,Sean,,Huff,NI053112V,7/23/1967,HR
604,Pat,A.,Huckaby,GH720315H,12/30/1984,Customer Relations
605,Forrest,J.,Hows,EO236325I,12/27/1968,Commercial
606,Lee,J.,Howard,ZI636786D,9/15/1981,Customer Relations
607,Greg,,Howard,FK763444O,2/15/1980,HR
608,Neil,,Houston,BY711013Y,12/28/1993,HR
609,Hao,,Homer,YE899229G,8/18/1992,HR
610,John,Y.,Holt,IG135466G,11/19/1973,Commercial
611,Pei,,Holmes,IR694098R,12/16/1980,Commercial
612,Yao-Qiang,,Holman,UR861454A,6/21/1989,Litigation
613,Nicky,E.,Holm,ZP994665Z,4/13/1970,Litigation
614,Susan,B.,Holloway,NT279314A,5/12/1990,HR
615,Martin,,Holliday,HJ667336Z,9/21/1988,Customer Relations
616,Mike,M.,Hohman,KI586811T,5/30/1971,Litigation
617,Ruth,A.,Hoffman,ND406245J,5/3/1986,Customer Relations
618,Anthony,,Hoeing,CS476636W,4/20/1989,Commercial
619,Charles,M.,Hodgson,FA848237R,10/17/1975,HR
620,Jill,J.,Hodges,SE802792I,7/28/1967,Litigation
621,Alice,,Hite,MO968944Q,12/15/1982,Customer Relations
622,Gina,N.,Hite,DQ281771L,5/18/1975,Customer Relations
623,James,J.,Hirsch,NN893120Y,3/11/1991,Commercial
624,Jane,,Hirota,IJ227301C,12/15/1993,Litigation
625,Kristine,J.,Hink,WH267755F,4/28/1974,Litigation
626,Teanna,M.,Hines,IO004845O,7/8/1990,Litigation
627,Connie,L.,Hines,UF189064V,1/12/1967,Commercial
628,Jeanette,R.,Hillmann,MF446080H,4/21/1982,Commercial
629,Eric,E.,Hillmann,ZC858827D,2/4/1971,Customer Relations
630,Pat,,Hill,RJ288401R,2/8/1975,Litigation
631,Takiko,J.,Hill,HT920856S,1/27/1968,HR
632,John,L.,Hill,TG567559G,1/20/1984,HR
633,Scott,A.,Hill,FD481510J,9/30/1985,Commercial
634,Aaron,,Hill,BS406366O,12/11/1980,HR
635,Peter,,Highfill,WF317056E,9/30/1986,Litigation
636,William,J.,Higgs,KK983407M,5/7/1968,Litigation
637,Stephanie,,Higa,TY294896E,6/16/1981,Litigation
638,Amy,R.,Higa,LR750936L,3/7/1974,Litigation
639,Dorothy,J.,Heymsfield,FV022459A,5/12/1979,Commercial
640,Patrick,M.,Hesse,KA579980C,12/4/1972,Customer Relations
641,Scott,,Herring,LK678229Y,1/16/1988,Litigation
642,Eva,,Herrick,KX730855U,9/19/1990,Litigation
643,Marlin,M.,Hernandez,NB427053U,10/29/1973,Customer Relations
644,Ryan,,Hernandez,BT992793E,12/22/1974,Customer Relations
645,Bruno,,Herman,UV324251L,6/17/1972,HR
646,Pamela,R.,Hensien,MN327733P,9/24/1981,Litigation
647,Jack,,Henshaw,XH890896A,3/28/1987,Commercial
648,Sharon,A.,Henningsen,CN969137Y,3/26/1991,Litigation
649,Shelley,R.,Hendricks,ZK015175G,7/24/1987,Customer Relations
650,Grant,,Hendergart,HF096917Y,11/13/1982,Litigation
651,Scott,,Heidepriem,VO167904M,2/21/1975,Litigation
652,Conor,,Hee,TR798709K,7/2/1976,Commercial
653,Jose,M.,Hedlund,OA670924V,12/11/1971,Commercial
654,Thierry,,Heaney,LF102016M,6/6/1983,Commercial
655,Ryan,,Hay,SA498173O,10/10/1969,Commercial
656,Mike,,Hay,JI269093P,7/26/1991,HR
657,Megan,N.,Haugh,AZ566143M,3/24/1968,HR
658,Alvaro,,Hasty,FI349280Q,4/11/1988,Litigation
659,Jose,,Hassall,IP593459C,5/29/1976,Litigation
660,Jacob,N.,Hass,MI714952F,9/1/1986,Litigation
661,Alexander,J.,Harui,GT350792H,2/1/1975,Litigation
662,Barbara,S.,Hartwig,IM021341P,9/19/1971,HR
663,Kirk,,Hartwig,EJ209651H,3/7/1972,Customer Relations
664,Aidan,,Harrison,YE884001O,6/2/1978,Customer Relations
665,Stefan,,Harris,CX814126E,8/22/1986,HR
666,Shawn,R.,Harrington,KA790910F,6/4/1971,Commercial
667,Della,F.,Harrington,WL428113C,2/21/1966,Customer Relations
668,Bruno,,Harrington,LO703011Q,2/28/1992,Customer Relations
669,Helen,J.,Harnpadoungsataya,UX527204Y,2/9/1983,Commercial
670,Prashanth,,Harding,QC683997J,11/26/1987,Litigation
671,Bev,L.,Hapke,AB525528T,1/31/1994,Commercial
672,Brenda,,Hanson,KM924382R,11/5/1965,Customer Relations
673,Gabriele,,Hanson,EC366319D,5/7/1970,HR
674,Holly,,Hanif,VU898464X,1/24/1970,Commercial
675,Dick,,Handley,BV434645V,3/18/1975,HR
676,Rudolph,J.,Hamilton,WZ781390D,9/20/1987,Commercial
677,Andrew,,Hamilton,BK403717D,3/1/1973,HR
678,Blaine,,Hamilton,LP055938O,3/25/1991,Litigation
679,Cindy,M.,Hamilton,SO115383K,3/13/1968,Customer Relations
680,John,T.,Hall,SI830090S,7/25/1990,Litigation
681,Patricia,,Hall,LT318792R,1/30/1988,Customer Relations
682,Gerald,M.,Hall,DV651549E,6/7/1980,Customer Relations
683,Gary,T.,Haines,CB520538X,7/9/1993,Litigation
684,Reuben,,Hagens,BD874892T,6/11/1993,Litigation
685,Ed,,Hagens,QY978898U,11/30/1967,Commercial
686,Bernard,,Hagemann,NC755536J,1/24/1982,Litigation
687,Tish,R.,Haemon,PI389924Y,6/9/1972,Customer Relations
688,Adrian,,Gustafson,YR273391F,5/10/1977,Commercial
689,Bart,,Gubbels,AC739362Z,4/27/1989,Customer Relations
690,Maciej,,Groth,VO811479W,7/31/1975,Litigation
691,Shelley,,Groncki,KL999776I,1/17/1971,Customer Relations
692,Linda,R.,Grisso,KQ897507U,6/3/1994,Commercial
693,Carla,L.,Greer,PM288491M,1/23/1974,Litigation
694,Carol,B.,Grande,OB274378W,6/28/1971,Litigation
695,Shannon,P.,Graham,PG293252W,10/12/1990,Customer Relations
696,Jauna,E.,Graham,VS909108U,5/28/1989,Litigation
697,Michael,,Graff,IN390409C,8/15/1968,Commercial
698,Terry,,Gonzalez,IO191767J,4/12/1993,Commercial
699,John,,Gonzales,SY824810U,8/15/1986,HR
700,Gail,,Gonzales,WZ192139I,5/29/1986,Litigation
701,Mark,B,Goldstein,VA153122C,7/7/1988,Commercial
702,Martha,R.,Goldstein,KW531990W,1/16/1982,Customer Relations
703,Julie,P.,Goldberg,KW295337V,11/25/1984,Commercial
704,Janeth,,Goldberg,BP886353M,9/30/1991,HR
705,Twanna,R.,Goktepe,OP726739W,9/13/1989,Litigation
706,Ann,R.,Gode,FL763345O,3/30/1993,Commercial
707,John,,Gode,QS346406A,6/2/1986,Customer Relations
708,Marc,,Glynn,RT697456P,2/6/1991,HR
709,Fadi,,Glimp,RE411172E,2/6/1967,Customer Relations
710,Carolyn,,Glimp,VA311416A,1/15/1987,Customer Relations
711,Geri,P.,Glenn,PO722201F,5/30/1973,Customer Relations
712,Hanying,,Givens,GL622405P,12/27/1975,HR
713,Rhoda,J.,Gimmi,AC055906B,11/4/1989,Litigation
714,Duane,R.,Gilliat,WM057487J,11/4/1992,Commercial
715,James,,Gilbert,ZC738629T,11/14/1975,Customer Relations
716,Kathie,,Gilbert,ZB716325A,12/12/1986,Customer Relations
717,Jay,,Giglio,SH980819T,10/27/1970,Litigation
718,Kelly,,Gibson,UB987130N,2/5/1979,Litigation
719,Jeffrey,L.,Gibbens,QY031994H,11/25/1990,Commercial
720,Garth,,Giakoumakis,PQ304404H,10/31/1982,Commercial
721,Dorothy,J.,Getzinger,BE783984X,2/20/1975,HR
722,Judith,B.,German,PP617968H,4/23/1990,Litigation
723,John,,Geist,WS422160A,2/26/1990,Litigation
724,Susan,E.,Gehring,PH887678L,10/7/1991,Commercial
725,Liam,J.,Gee,BD640061W,10/19/1979,HR
726,Mihail,,Gates,AJ092257S,9/23/1979,Litigation
727,John,,Gash,LV384334G,9/16/1972,HR
728,Paul,J.,Garza,NV971264N,2/11/1987,Commercial
729,Don,,Ganio,AK605550H,5/20/1972,Commercial
730,Bob,,Galvin,LS085108L,7/5/1989,Customer Relations
731,Aldeen,J.,Galos,GM356800R,8/5/1991,Commercial
732,Michael,,Gallagher,HG595380O,1/4/1984,HR
733,Jon,,Gage,GP857197F,4/19/1993,Commercial
734,Kathleen,M.,Funk,SX707088K,4/3/1977,HR
735,Dominic,P.,Fulton,OR442844U,10/17/1976,HR
736,Janet,M.,Frum,PO408230M,4/1/1986,Commercial
737,Orlando,N.,Frintu,TZ743336F,8/28/1980,Commercial
738,Darren,,Frintu,IG072045X,10/29/1973,Commercial
739,Jim,,Friedland,OP423351L,1/14/1975,HR
740,Barbara,J.,French,AC872211O,5/19/1968,Commercial
741,Tom,,Fredericksen,ZI682940I,7/19/1994,Customer Relations
742,Leo,,Frazier,EH015394V,8/5/1986,Commercial
743,Cornett,L.,Fox,FX980676M,3/28/1979,Commercial
744,Frances,J.,Fort,OY517750N,9/6/1989,Commercial
745,Guy,,Ford,GM485108Q,11/13/1974,HR
746,Janet,J.,Ford,YO275960X,12/24/1987,Commercial
747,Mary,M.,Ford,PY236457L,10/5/1976,Customer Relations
748,David,L.,Focht,CD882845K,10/18/1975,HR
749,Jeanie,R.,Fluegel,TC627281U,8/18/1983,Customer Relations
750,Diane,R.,Flood,TS169987Y,4/18/1972,Litigation
751,James,R.,Flood,AY290643W,6/28/1980,Commercial
752,Scott,,Fitzgerald,PZ747699N,1/5/1981,Commercial
753,Mete,,Fitzgerald,EC390700X,4/12/1982,HR
754,Jossef,,Finley,GR234539E,12/15/1992,HR
755,Brian,R,Fine,VH191367T,11/27/1993,Commercial
756,Lynn,A.,Ferrier,QT023644S,2/22/1993,Commercial
757,Linda,L.,Feng,SQ256007I,6/25/1986,Litigation
758,Abigail,J.,Feng,PR291420Z,10/6/1990,Customer Relations
759,Michael,,Fatima,HL656501V,5/25/1970,Litigation
760,Derek,,Farrell,XV569188P,5/31/1972,Litigation
761,Lowell,J.,Farino,SF167086K,10/20/1977,Litigation
762,Jon,,Fakhouri,AY844869R,11/22/1974,Commercial
763,Jane,P.,Fakhouri,OV341374W,4/18/1993,Litigation
764,Geoff,,Faeber,YU731600A,8/15/1988,Litigation
765,Douglas,,Evans,TN451569X,1/14/1991,Litigation
766,Brian,,Evans,ZE858027F,11/9/1989,Commercial
767,Faith,M.,Evans,UB106311N,10/1/1987,Commercial
768,Greg,,Evans,CW422171Q,8/8/1972,Customer Relations
769,Hattie,J.,Esteves,SA548562S,3/18/1983,Commercial
770,Matthew,M.,Esteves,WR893164C,2/1/1969,Litigation
771,Erin,M.,Estes,TQ535544C,6/6/1980,HR
772,Betty,M.,Espinoza,GY158332V,8/28/1985,Customer Relations
773,Karen,E.,Ersan,CS531179G,4/15/1975,HR
774,Don,,Erickson,UW257382V,11/21/1971,Customer Relations
775,Bryan,,Erickson,EZ096024Y,2/25/1970,Customer Relations
776,Don,,Erickson,LM074448B,1/18/1992,Litigation
777,Kerim,,Entin,JG039967X,5/2/1991,Litigation
778,Jean,P.,Emory,UB723196N,4/19/1992,Commercial
779,Mark,,Eminhizer,AD950081I,12/31/1972,HR
780,William,J.,Eminhizer,JQ725919V,12/15/1966,Commercial
781,Katherine,,Emanuel,EQ217374T,9/11/1980,Customer Relations
782,Kimberly,Beth,Elson,TQ721362X,6/23/1983,Commercial
783,Lucy,,Elliott,II854365Z,11/5/1993,Commercial
784,Keith,,Elliott,EO317861D,6/28/1966,HR
785,Doris,,Ellerbrock,YW901324E,9/25/1993,Customer Relations
786,Roger,,Eldridge,JR126173V,4/20/1978,Commercial
787,Ann,T.,Ecoffey,PO738911S,2/19/1980,Litigation
788,Mark,,Eaton,XY630231L,4/20/1982,Commercial
789,Neal,B.,Earls,RR465452B,10/6/1967,Litigation
790,James,B.,Dyck,IG477660Z,11/6/1979,Commercial
791,Jeff,,Dyck,NX831492O,9/21/1979,Customer Relations
792,Brenda,F.,Dusza,MW834652D,1/24/1977,Customer Relations
793,James,,Dusza,TH410743P,10/13/1993,Customer Relations
794,John,,Duncan,SM045152G,1/7/1987,HR
795,Valerie,M.,Dumitrascu,AQ191852F,4/20/1974,HR
796,Jay,,Duffy,PO506625J,10/31/1978,HR
797,Jeff,D.,Duff,YN641839I,12/14/1970,HR
798,Kari,,Duerr,MY999409A,8/31/1970,HR
799,Deena,J.,Dudenhoefer,WW947874Z,7/30/1982,Customer Relations
800,Irene,J.,Dudenhoefer,PS638658V,12/21/1987,Litigation
801,Jésus,,D'sa,UA042807K,1/19/1972,Customer Relations
802,Pam,L.,D'sa,GN797232X,9/19/1973,Litigation
803,Cheryl,M.,Drury,VX134054T,5/5/1983,Customer Relations
804,Ronald,K.,Drury,ZK723650G,2/21/1992,Litigation
805,Sidney,,Doyle,KZ460827D,9/6/1991,Customer Relations
806,Onetha,F.,Donovan,GZ765460J,5/23/1993,Customer Relations
807,Fran,P.,Dodd,QB154076D,1/8/1968,HR
808,Geneva,T.,Dockter,MS840000L,8/21/1974,Litigation
809,Andrew,R.,Dobney,MY687222L,2/7/1990,HR
810,Reinout,,Dixon,QI916321X,5/13/1980,Commercial
811,Mike,,Dillon,YC191001N,1/5/1979,Litigation
812,Matthew,,Dievendorff,QT605535I,11/15/1987,Customer Relations
813,Nancy,E.,Dickson,VM246948H,2/4/1982,HR
814,Rose,,Dickmann,RX343129L,12/10/1991,HR
815,Douglas,,Diaz,WE262338A,2/10/1967,Litigation
816,David,,Diaz,FN354547O,5/19/1974,HR
817,Helge,,D'Hers,QD716532Q,4/5/1977,HR
818,Barbara,,D'Hers,BV381475X,6/17/1968,Litigation
819,Holly,J.,Desalvo,PY074854Z,4/3/1968,Litigation
820,Bob,,Desai,TR209700I,9/21/1982,Litigation
821,Jean,J.,Dennis,TA513400A,5/24/1984,Customer Relations
822,Michael,,Deniut,FX346376B,9/10/1981,HR
823,Eddie,M.,Dempsey,ER494100K,2/8/1992,Commercial
824,Juanita,J.,Demott Jr,QW702168D,7/29/1989,HR
825,Peter,,Demicell,EK831139F,10/8/1992,Customer Relations
826,Curtis,P.,Delmarco,QG189074B,4/9/1981,Customer Relations
827,Joe,,Delaney,HM937731S,6/2/1968,Litigation
828,Janice,K.,DeGrasse,UQ881460E,9/23/1991,Litigation
829,George,M.,Decker,GH944370B,5/10/1994,HR
830,Joshua,J.,Decker,VG329060H,3/16/1981,Customer Relations
831,Arlene,,Deborde,EG263983J,11/11/1967,Litigation
832,Matthew,M.,Dean,FZ819318U,11/6/1973,Commercial
833,Phyllis,R.,De Oliveira,QI875482Z,10/28/1979,HR
834,Lawrence,E.,De Matos Miranda Filho,FC177934K,4/10/1983,Customer Relations
835,Ryan,,Davis,HZ440304Y,11/5/1988,Customer Relations
836,Beth,,Danseglio,SI032474M,3/3/1974,Customer Relations
837,Lucio,,Danner,LO738729S,3/4/1978,Commercial
838,Richard,L.,Curry,QJ345248Z,5/2/1976,HR
839,Erik,,Cunningham,BU502820J,8/13/1978,Commercial
840,Denean,J.,Culp,PZ313127O,3/20/1988,Litigation
841,Raman,,Culbertson,SI071301X,2/4/1981,HR
842,Bronson,R.,Culbertson,QN126394V,2/22/1994,HR
843,Eric,A.,Crow,KS029745U,1/14/1968,HR
844,Jodan,M.,Crow,ZN606611Q,7/27/1976,HR
845,Mary,,Creasey,JF112918G,1/2/1977,Customer Relations
846,David,,Creasey,OV017354B,2/24/1987,Litigation
847,Jay,,Cracium,DP495176M,8/5/1967,HR
848,Vance,P.,Cox,HW385187X,6/19/1987,Commercial
849,Joyce,,Costa Da Silva,AE541270Q,2/25/1990,Commercial
850,George,,Cornelsen,TO133161Z,12/19/1975,Commercial
851,Stephen,Yuan,Cornelsen,EC614439S,11/11/1966,Commercial
852,Samuel,A.,Coriell,XX101946U,11/12/1984,HR
853,Danielle,B.,Corets,WE922349N,7/14/1990,Litigation
854,Greg,M.,Cooper,SZ428070S,9/12/1966,HR
855,Barry,,Cook,TB218082L,7/30/1966,Commercial
856,Brian,,Cook,FO993217B,6/6/1970,Customer Relations
857,David,,Contreras,RD098822V,9/24/1966,Commercial
858,Willis,,Consentino,UW318550R,10/20/1974,Litigation
859,Tamara,,Conroy,DV968414Q,1/17/1972,Customer Relations
860,Robert,E.,Conroy,IT845590A,6/11/1982,Commercial
861,Brannon,,Conner,RV318856P,11/11/1970,HR
862,Jean,,Connelly,JS667977D,12/4/1973,HR
863,Peggy,J.,Connelly,AA751496A,2/19/1968,Litigation
864,Diane,F.,Con,LL555292S,10/13/1972,Customer Relations
865,Scott,B.,Colvin,AH057201L,1/22/1966,Customer Relations
866,Sandra,T.,Colon,EQ800008M,12/18/1987,Customer Relations
867,Wendy,,Collins,EM600157U,12/14/1983,HR
868,Sandeep,,Coleman,AD822956O,7/14/1976,HR
869,John,,Coleman,BE619083J,8/24/1975,Commercial
870,Lori,,Coleman,SD529579R,1/17/1972,Commercial
871,Judith,F.,Cole,XY644446G,11/17/1972,HR
872,Kay,E.,Coffman,WB996373K,12/5/1978,Litigation
873,Sandeep,,Cobb,PM594964I,4/10/1991,HR
874,Bonnie,,Cleary,EL928828V,10/6/1967,HR
875,Kendall,,Clayton,HC781086S,9/5/1978,Customer Relations
876,Victor,A.,Clark,NZ292450Q,3/23/1968,HR
877,John,,Clark,DW322222K,12/31/1980,Litigation
878,Robert,,Clark,HJ389290R,5/3/1978,Commercial
879,Kevin,,Ciccu,PG258785N,12/11/1991,HR
880,Mary,R.,Christie,RV310730E,5/5/1974,Commercial
881,Alice,L.,Christensen,TD006994R,2/20/1991,Commercial
882,Elizabeth,,Chow,AA052578X,8/4/1972,Litigation
883,Tammy,J.,Chor,JC015392O,1/24/1973,HR
884,Imtiaz,,Choin,MG323217Q,11/11/1978,HR
885,Karan,,Choi,KL528501Z,2/21/1988,Litigation
886,Joe,,Chisholm,FR068671J,11/22/1969,HR
887,Jim,,Chestnut,MI645893V,10/10/1982,Customer Relations
888,Shane,S.,Chesnut,AN431355G,4/19/1990,HR
889,Tim,,Cheng,EJ535246U,3/15/1978,Commercial
890,Russell,,Chen,VW304415K,4/20/1994,HR
891,Anton,,Chen,BY406032D,7/2/1985,Customer Relations
892,Christian,,Chen,NC878548N,6/1/1967,Commercial
893,Andrew,P.,Chen,XZ896037E,6/2/1973,HR
894,Reed,,Charney,PN126596V,10/16/1980,Customer Relations
895,Jim,,Charncherngkha,RU289286Z,9/28/1985,HR
896,Kirk,T,Chapman,KZ360045A,5/1/1991,Commercial
897,Eugene,,Chapla,BU376844F,11/4/1972,HR
898,Scott,,Chandler,PT451454U,3/19/1968,Litigation
899,Joy,R.,Chambers,NP249515P,4/24/1990,Commercial
900,Pamala,M.,Chai,OD922942I,12/10/1985,Litigation
901,Edward,J.,Chai,AA373764Z,8/16/1974,HR
902,James,D.,Cetinok,PA755090B,6/24/1966,Customer Relations
903,Mitch,,Cetinok,KT142597M,3/26/1969,Customer Relations
904,James,J.,Cereghino,FD621818G,12/17/1965,HR
905,Margaret,T.,Cencini,TV981105S,8/2/1973,Commercial
906,Deepak,,Cencini,LC597030J,2/7/1971,HR
907,Jeffrey,B.,Cavendish,KW287861M,11/20/1979,HR
908,Vamsi,,Cavallari,MS914768M,10/28/1987,Commercial
909,Jeffrey,,Catalano,VW543178A,6/3/1985,Customer Relations
910,Peter,,Casts,RK084735S,2/26/1988,Customer Relations
911,Eric,,Castellucio,EO579300G,10/4/1975,Litigation
912,Rebecca,,Carson,VP008455R,9/30/1987,HR
913,Cecilia,M.,Carroll,HD968902C,11/5/1984,HR
914,David,O,Carroll,OO353830E,6/12/1977,Commercial
915,Elsa,,Carreras,EK084266A,11/2/1975,Commercial
916,Michael,J.,Carothers,LP693343F,2/19/1968,Litigation
917,Marjorie,M.,Caron,LG631269V,5/14/1994,HR
918,Frank,,Caron,CH798467D,9/6/1992,Customer Relations
919,Mark,,Caro,LT616081U,10/26/1988,Litigation
920,Robertson,,Carnes,VS254856F,1/25/1968,Litigation
921,Jolie,,Carmody,IO126098Y,7/22/1970,Customer Relations
922,Roger,,Carmichael,PD330531V,8/13/1969,Litigation
923,A.,Francesca,Carlson,AK967602C,7/24/1979,Commercial
924,Bonnie,B.,Carlson,DZ909536Y,10/9/1987,Litigation
925,Gloria,J.,Carlisle,RB605248Z,3/4/1970,Commercial
926,Linda,,Carey,VB592848D,4/7/1974,HR
927,Steven,B.,Caprio,UR670143G,3/14/1988,Commercial
928,Judy,,Cao,PD011249M,12/8/1972,Litigation
929,Elsie,L.,Cao,AV959932A,10/8/1978,Litigation
930,George,Z.,Canuto,XR125915P,2/15/1979,Commercial
931,Yale,,Cantoni,XW748703T,9/25/1980,Litigation
932,Yan,,Cannon,LS232185H,2/15/1978,Litigation
933,Yuhong,,Campen,BW743867L,12/24/1973,Commercial
934,Joseph,M.,Campbell,EC050617Y,9/29/1976,Commercial
935,Paulo,H.,Campbell,LE963293E,4/27/1994,HR
936,David,J.,Campbell,IL912110M,10/26/1975,HR
937,Jinghao,,Campbell,BC674828V,8/9/1979,Customer Relations
938,Kevin,,Campbell,EQ619442N,6/5/1974,Customer Relations
939,Run,,Cameron,UQ585377L,1/4/1978,Commercial
940,Todd,R.,Camargo,KH972189H,12/13/1987,Litigation
941,Kok-Ho,,Camacho,ZR296162E,8/3/1977,Customer Relations
942,John,K.,Calone,LJ651499E,5/19/1981,Commercial
943,Sharon,J.,Caldwell,VR227426E,3/20/1982,HR
944,Jeremy,,Caldwell,ET962534Y,9/14/1990,Litigation
945,Spencer,,Calafato,GM696417Z,6/29/1985,Litigation
946,Anita,R.,Byrnes,TA441219H,12/30/1988,Commercial
947,Jose,,Byham,LS145062Q,6/28/1981,HR
948,Richard,,Bustamante,OQ657067E,1/13/1988,Commercial
949,Judy,R.,Buskirk,HU699557T,3/7/1978,HR
950,Sean,J.,Burton,CK070895E,8/19/1988,Customer Relations
951,Helen,R.,Burnett,CC952641M,12/30/1990,Litigation
952,Robert,P.,Burnett,GF680601H,8/1/1974,Commercial
953,Sharon,F.,Burnell,QN614585M,10/31/1993,Commercial
954,Robert,,Burlacu,HJ286647D,1/30/1970,HR
955,Jenny,,Burkhardt,WS509387L,3/20/1978,Commercial
956,Denise,R.,Burkhardt,SY482030L,6/21/1973,Commercial
957,Scott,,Burke,RG793443D,1/2/1976,Commercial
958,Walter,J.,Buensalido,CP696562I,4/27/1973,HR
959,Patrick,J.,Bueno,EU366044B,2/22/1991,Customer Relations
960,Kimberly,N.,Bueno,TI556942Q,10/31/1966,Commercial
961,Ajay,,Buchanan,BO102245I,9/10/1977,Commercial
962,Parul,,Bruno,TQ727258G,7/25/1986,Commercial
963,Tomas,M.,Brunner,EE061512D,9/2/1986,HR
964,Kathy,R.,Bruner,GZ572512H,1/6/1985,Litigation
965,Jill,K.,Brundage,UW401145A,2/26/1974,Litigation
966,Melissa,R.,Brummer,TZ612848I,11/16/1982,Customer Relations
967,Cecelia,L.,Brumfield,QH914602X,2/2/1984,HR
968,Benjamin,,Browqett,PF019316T,4/21/1973,HR
969,Linda,,Browning,CE528948V,11/20/1971,Commercial
970,Mindy,,Browning,BZ091973U,9/29/1993,Litigation
971,Sandra,I.,Browne,NK198658S,9/21/1986,Commercial
972,Frank,,Brown,IE838642D,10/2/1976,Litigation
973,Steve,,Brown,LC087411I,12/25/1978,Litigation
974,Joseph,,Brown,VL806404Q,9/5/1976,Commercial
975,Jennifer,J.,Brown,PW115537P,1/31/1982,Customer Relations
976,Chris,,Brown,SU778126H,9/11/1989,HR
977,Sandra,B.,Brown,UN606410A,2/15/1987,Litigation
978,John,J.,Brown,JR408246E,8/2/1983,Commercial
979,Robin,M.,Brooks,NM759581J,6/11/1975,HR
980,Stacie,K.,Brooks,ZO173413D,9/1/1966,HR
981,Katie,,Brink,EB169666Y,3/18/1973,HR
982,Lola,M.,Brink,EU435052U,10/4/1983,Litigation
983,Jane,A.,Bright,KT434846K,8/24/1993,Commercial
984,Nikki,,Brian,GK192668I,2/11/1967,HR
985,James,L.,Brewer,BA031911A,1/4/1990,Customer Relations
986,Christinia,A.,Brewer,EY701129P,12/17/1984,Customer Relations
987,Alejandro,,Bremer,QW381539Y,5/13/1970,Litigation
988,Yvonne,,Breer,PF504460H,11/13/1968,Commercial
989,Nkenge,,Bready,LP073996V,11/6/1983,HR
990,Nancy,A.,Brandon,NO668549T,5/21/1975,Litigation
991,Nellie,T.,Bradley,WQ054803N,4/15/1983,Commercial
992,Raquel,,Bradley,RZ372575W,4/15/1970,Customer Relations
993,Gladys,F.,Bowman,VV981200L,6/5/1990,Litigation
994,R. Morgan,L.,Bowen,RV124948F,12/7/1972,Commercial
995,Tosh,,Bourne,OH337326A,11/2/1985,Commercial
996,Susan,,Boseman,YE963268J,7/9/1979,HR
997,Stephen,A.,Booth,LR995392O,3/4/1976,Customer Relations
998,Eric,B.,Bonifaz,UG148771V,8/17/1966,Litigation
999,Helen,M.,Bolender,PM757426U,9/13/1988,Customer Relations
1000,Deanna,,Bohling,MO935069K,12/22/1983,Customer Relations
1001,Gary,P.,Bockenkamp,UL664366I,4/6/1988,Customer Relations
1002,Ramesh,,Blythe,HV799593R,1/7/1982,Commercial
1003,Thomas,R.,Blythe,LX319791A,8/9/1981,Commercial
1004,Jan,,Blanton,VJ613987L,4/15/1985,Commercial
1005,Virginia,L.,Blanco,JG329059H,2/12/1989,Customer Relations
1006,Matthew,J.,Blackwell,YP864119M,12/30/1974,HR
1007,Emilo,R.,Black,MF774810L,3/20/1992,Litigation
1008,Ben,,Bishop,WF329736M,9/21/1989,Commercial
1009,Dylan,,Bischoff,HZ561347G,8/5/1982,Customer Relations
1010,Frank,,Bischoff,IO102284B,6/1/1990,Litigation
1011,Neva,M.,Billstrom,NP833192S,2/4/1985,Commercial
1012,Linda,,Bidelman,HW311094R,2/15/1981,Commercial
1013,Scott,,Berry,HJ616256B,9/19/1992,Customer Relations
1014,Robert,,Berry,IH873632N,2/20/1984,HR
1015,Joseph,P.,Berndt,RJ001937C,8/1/1971,HR
1016,Paula,B.,Berndt,VG750351P,7/30/1968,Customer Relations
1017,Suchitra,,Bernacchi,CH046618Z,11/26/1967,Customer Relations
1018,Jonathan,,Berglund,IT356425G,1/19/1971,Commercial
1019,William,J.,Berglund,UX902281C,3/19/1978,Litigation
1020,Alan,L.,Bergin,BM831779A,11/22/1985,Commercial
1021,Hillaine,N.,Berger,FK047370L,4/6/1983,Litigation
1022,Bobby,,Berger,VO446177W,5/29/1966,HR
1023,Barbara,,Berge,ZM069484H,2/27/1970,Commercial
1024,Jon,,Berge,BN927087J,12/20/1991,Litigation
1025,Julia,,Berg,NR492184N,3/31/1971,Commercial
1026,Marie,E.,Berch,FI540184Z,10/29/1982,HR
1027,Zheng,,Bentley,NV643385M,12/25/1970,Commercial
1028,Salman,,Bent,WB731816K,10/4/1971,Litigation
1029,Albert,,Benson,ND151767T,7/16/1980,Commercial
1030,Stuart,,Benson,RK092370N,12/10/1981,Commercial
1031,Billie Jo,,Benson,YU700956W,12/11/1973,Commercial
1032,Dorothy,J.,Benshoof,MN696449J,10/19/1972,HR
1033,Ken,,Ben-Sachar,BJ106139E,6/28/1967,Customer Relations
1034,Suzanne,,Bennetts,NO601966M,6/19/1972,Litigation
1035,Mandar,,Bendixen,ZI025778G,1/26/1993,HR
1036,Greg,F.,Belli,UW753129V,4/9/1986,Litigation
1037,Mike,,Beebe,JH147844Q,11/14/1978,HR
1038,Lorraine,,Becker,GC466987V,5/29/1980,HR
1039,Alex,,Beck,IC438277A,8/31/1989,HR
1040,Jan,R.,Beck,GQ138370G,12/15/1974,Litigation
1041,Amir,T.,Beaver,IJ958553Y,5/16/1992,Customer Relations
1042,Donals,E.,Beasley,VW824017D,3/18/1974,Litigation
1043,Toby,,Beanston,RM194759V,11/13/1967,Litigation
1044,Laura,,Bauer,ES910137D,9/5/1977,HR
1045,Fred,,Bates,SC918210R,8/30/1986,Litigation
1046,Michael,J,Barzdukas,MB179902N,1/5/1977,HR
1047,Tim,,Bartness,DJ746581T,5/23/1971,Customer Relations
1048,Tina,Slone,Barreto de Mattos,WJ624242J,2/14/1982,HR
1049,Robert,,Barrera,VT664919C,8/9/1984,Commercial
1050,Nino,E.,Barr,XU330161H,5/18/1966,Customer Relations
1051,Lee,M.,Barnhill,DN936295D,1/6/1977,Litigation
1052,Tad,,Barlow,BQ814246E,1/1/1979,Litigation
1053,Gloria,B.,Barley,CT442852Y,2/12/1978,Customer Relations
1054,Fred,A.,Barker,BJ636079E,8/24/1984,HR
1055,John,E.,Barber,YW828038O,10/12/1978,Litigation
1056,David,J.,Barber,QZ205966O,3/2/1981,Litigation
1057,Michiko,,Barbariol,AZ866505I,7/24/1977,Customer Relations
1058,Stu,J.,Barbariol,DJ833950D,1/29/1977,HR
1059,Scott,,Banks,NR514705U,11/6/1984,Commercial
1060,Lori,,Banack,PY676160L,6/8/1974,Litigation
1061,Jyothi,,Baltazar,RU491162C,5/18/1978,Commercial
1062,Cristian,B.,Bales,QG307175X,9/7/1981,Customer Relations
1063,Mosha,M.,Baldwin,FF060242M,9/30/1991,Commercial
1064,Rajesh,M.,Baker,II625216T,7/19/1979,Commercial
1065,Shyamalan,,Baker,XC447714Y,3/27/1972,Litigation
1066,Michael,,Bailey,BJ741041D,6/28/1993,Commercial
1067,Trish,E.,Bacon,EY777110G,12/25/1975,Litigation
1068,Frank,,Bacalzo,JM575138N,10/26/1988,Customer Relations
1069,Lionel,,Ayers,LS393905L,4/9/1983,Litigation
1070,Elizabeth,M.,Avalos,PC316112P,4/1/1982,HR
1071,John,,Ault,OO139202G,4/21/1966,HR
1072,Jonathan,,Atkinson,HV375577Z,6/5/1993,Customer Relations
1073,Tina,A.,Ashton,TB343540I,4/8/1982,Litigation
1074,James,,Arthur,YT178370T,3/21/1981,Commercial
1075,Glin,J.,Armstrong,HR577962V,8/23/1991,HR
1076,Sara,E.,Arifin,AQ259277A,9/20/1988,HR
1077,Carol,,Arbelaez,RN734834P,11/29/1968,HR
1078,Patricia,B.,Arakawa,DN608641Q,8/31/1991,Customer Relations
1079,Pat,R.,Appelbaum,LN445795B,12/23/1973,Customer Relations
1080,Paulo,Sergio Da Silva,Antrim,OF518871U,6/30/1994,Customer Relations
1081,Deborah,,Ansman-Wolfe,XW773727V,11/23/1993,Customer Relations
1082,Grigory,,Anderson,ZZ934516F,3/31/1982,Customer Relations
1083,Carole,,Anderson,QM994584V,12/22/1971,HR
1084,Cheryl,J.,Amland,ZU694307B,12/25/1979,Customer Relations
1085,Alma,B.,Alvaro,UQ915030I,12/1/1975,Litigation
1086,Ethel,J.,Alvarado,UR876387V,11/16/1993,Commercial
1087,Constance,J.,Altman,AX266398K,2/28/1990,Litigation
1088,Josh,,Altamirano,ET846826H,12/31/1975,Commercial
1089,Betty,J.,Alpuerto,LD985655T,6/9/1982,Commercial
1090,Fred,,Allison,IC059439C,2/4/1994,Litigation
1091,Jeff,,Allen,XO684540Q,3/12/1994,Customer Relations
1092,Milton,M.,Allen,ID667315M,2/24/1984,Litigation
1093,Sean,,Allen,MC406716L,6/16/1978,Litigation
1094,Monica,L.,Alexander,ZM262806J,1/29/1973,Commercial
1095,Mary Lou,M.,Alexander,QL425586B,8/18/1992,Customer Relations
1096,Kim,,Alexander,ZT046116K,9/9/1981,Commercial
1097,Susan,J.,Alexander,HC742056P,1/15/1971,Customer Relations
1098,Cynthia,,Alderson,IT677118D,1/9/1982,Commercial
1099,Arvind,B.,Alderson,FV291494P,8/27/1980,Commercial
1100,Simon,,Alcorn,LV709698Z,5/22/1970,HR
1101,Michael,S,Albury,MZ049069D,12/12/1974,Commercial
1102,Suzann,K.,Albright,SP503668L,10/20/1984,Litigation
1103,Michelle,B.,Alberts,YT702558W,8/17/1970,HR
1104,Jamie,,Alberts,TQ308187O,2/11/1988,Commercial
1105,Russell,A.,Alan,FN844746Q,6/29/1974,HR
1106,Celine,J.,Alameda,VP893170U,12/2/1978,HR
1107,Randy,,Akers,CG210589X,2/28/1988,Commercial
1108,Enoch,T,Ajenstat,OA499004U,5/14/1971,Litigation
1109,Eric,E.,Ahlering,UE693223N,1/4/1981,Litigation
1110,Adam,J.,Aguilar,PF258220G,4/27/1993,Commercial
1111,Constance,J.,Agcaoili,MU450286I,6/30/1989,Customer Relations
1112,Albert,A.,Adina,MR835442I,5/1/1966,Customer Relations
1113,Dave,,Adams,FB110199X,12/7/1968,Litigation
1114,Jack,S.,Adams,NL848040N,5/1/1987,Customer Relations
1115,Marie,M.,Adams,OG908136F,2/16/1985,Commercial
1116,William,J.,Adams,BU120912R,6/25/1993,HR
1117,Thomas,M.,Ackerman,TU281766K,7/21/1985,Commercial
1118,Stacy,K.,Ackerman,GN388122I,11/15/1991,Commercial
1119,Leota,J.,Achong,JH338472A,5/31/1981,Commercial
1120,David,R.,Acevedo,HT578600G,9/25/1973,Customer Relations
1121,Rebecca,A.,Abolrous,EF168630T,4/10/1966,Commercial
1122,Dorothy,B.,Abercrombie,XG435380P,5/26/1983,Commercial
1123,Carol Ann,F.,Abercrombie,TI915755W,7/31/1980,Customer Relations
1124,Scott,M.,Abel,GI428537A,11/29/1969,Commercial
1125,Jim,,Abbas,XY481340J,6/23/1993,HR
